Source,Relationship,Target,Graph Source
Gustav Abb,director of,University of Berlin library,Graph A
Gustav Abb,director of,Hauptverwaltung der Bibliotheken in Cracow,Graph A
Gustav Abb,looted,from Polish libraries,Graph A
Abels brothers,worked as,dealer,Graph A
Abels brothers,active in,Paris,Graph A
Abels brothers,connected to,Adolf Wuester,Graph A
Otto Abetz,worked as,Ambassador to France,Graph A
Otto Abetz,connected to,early seizures of Jewish art collections,Graph A
Otto Abetz,connected to,Kunsberg organization,Graph A
Gert Adriani,director of,Kunsthistorisches Museum,Graph A
Gert Adriani,contact of,Alois Miedl,Graph A
Bono von Ahrendt,director of,Reichskammer fur Bildende Kunst,Graph A
Bono von Ahrendt,active in,Paris,Graph A
Bono von Ahrendt,connected to,Karl Epting,Graph A
Josef (Sepp) Angerer,buyer for,Herman Goering,Graph A
Josef (Sepp) Angerer,succeeded,Walter Andreas Hofer,Graph A
Josef (Sepp) Angerer,connected to,Gestapo,Graph A
Josef (Sepp) Angerer,member of,Quantmeyer & Eicke,Graph A
Josef (Sepp) Angerer,active in,France,Graph A
Josef (Sepp) Angerer,active in,Italy,Graph A
Josef (Sepp) Angerer,active in,Europe,Graph A
Josef (Sepp) Angerer,contact of,Gottleib Friedrich Reber,Graph A
Josef (Sepp) Angerer,contact of,Eugenio Ventura,Graph A
Josef (Sepp) Angerer,contact of,Alessandro Contini-Bonacossi,Graph A
Josef (Sepp) Angerer,contact of,Ginori Grassi,Graph A
Josef (Sepp) Angerer,contact of,Arturo Grassi,Graph A
Josef (Sepp) Angerer,connected to,Fritz  Goernnert,Graph A
Hans Joachim Apfelstaedt,purchasing agent for,Dusseldorf,Graph A
Hans Joachim Apfelstaedt,purchasing agent for,Dusseldorf-Koln-Aachen-Bonn Gauleitung,Graph A
Hans Joachim Apfelstaedt,active in,France,Graph A
Hans Joachim Apfelstaedt,head of,committee for research on cultural objects ‘looted ‘ from the Rhineland,Graph A
Hans Joachim Apfelstaedt,assisted by,Bernard Rademacher,Graph A
Hans Joachim Apfelstaedt,assisted by,Hans Bammann,Graph A
Hermann Breslau,worked as,Professor of History at Breslau,Graph A
Hermann Breslau,worked in,Poland,Graph A
Hermann Breslau,founder of,Polish Volksdeutsch movement,Graph A
Hermann Breslau,has information about,looted works of art in Cracow,Graph A
Augsburg,active in,looting in Poland,Graph A
AWAG,successor to,Wertheim,Graph A
AWAG,purchased in,France,Graph A
AWAG,conntected to,Jansen,Graph A
Kurt Walter Bachstitz,worked as,dealer,Graph A
Kurt Walter Bachstitz,active in,Berlin,Graph A
Kurt Walter Bachstitz,active in,Munich,Graph A
Kurt Walter Bachstitz,active in,Amsterdam,Graph A
Kurt Walter Bachstitz,related to,Walter Andreas Hofer,Graph A
Kurt Walter Bachstitz,worked for,Walter Andreas Hofer,Graph A
Badels,worked for,ERR in Paris,Graph A
Alfred Baeumler,worked at,University of Berlin,Graph A
Alfred Baeumler,worked for,ERR,Graph A
Alfred Baeumler,connected with,confiscation of material from French libraries and archives,Graph A
Hans Bammann,worked as,dealer,Graph A
Hans Bammann,worked for,ERR in Paris,Graph A
Hans Bammann,conntected to,Bruno Lohse,Graph A
Hans Bammann,conntected to,Adolf Wuester,Graph A
Hans Bammann,agent for,"art purchases in France for museums of Dusseldorf, Cologne, Aachen and Bonn",Graph A
Hans Bammann,contact of,Gustav Rochlitz,Graph A
Hans Bammann,contact of,Louis Manteau,Graph A
Hans Bammann,connected to,Bruno Lohse,Graph A
E Friedrich Bange,conntected to,Walter Andreas Hofer,Graph A
E Friedrich Bange,worked for,Herman Goering collection,Graph A
E Friedrich Bange,conntected to ,Herman Goering,Graph A
Baron,worked for,ERR in Paris,Graph A
Gustav Bartel,took part in,scientific and cultural activities of the Germans in Poland,Graph A
Gustav Bartel,served in,Poland,Graph A
Gustav Bartel,served in,Silesia,Graph A
Gustav Bartel,in charge of,repository at Cracow under Josef Muehlmann,Graph A
Gustav Bartel,worked for,Josef Muehlmann,Graph A
Wolf Graf von Baudissin,director of,Volkswang Museum,Graph A
Wolf Graf von Baudissin,responsible for,aryanisation of Austrian museum staffs,Graph A
Max Bauer,received,forty cases of art works from Heinrich Himmler,Graph A
Max Bauer,connected to,Heinrich Himmler,Graph A
Michael Bauer,connected to,Heinrich Hoffman,Graph A
Michael Bauer,worked for,Heinrich Hoffman,Graph A
Michael Bauer,worked as,personal assistant of Heinrich Hoffmann,Graph A
Rose Bauer,worked for,Kajetan Muehlmann,Graph A
Rose Bauer,secretary of,Kajetan Muehlmann,Graph A
Walter Bauer,worked as,Treasurer of AMT Westen,Graph A
Walter Bauer,worked for,AMT Westen,Graph A
Walter Bauer,head of,Verwaltungsamt,Graph A
Colonel Baumann,worked as,SS officer,Graph A
Colonel Baumann,active in,removal of looted art from Italy,Graph A
Wolfgang La Baume,director of,Danzig Museum,Graph A
Wolfgang La Baume,active in,Poland during occupation,Graph A
Paul Baumgarten,worked as,architect,Graph A
Paul Baumgarten,member of,Reichskulturamt,Graph A
Paul Baumgarten,has information about,Polish loot,Graph A
Karlsruhe Baumhoff,active in,art looting in Paris and Amsterdam,Graph A
Captain Becker,worked as,officer in the Hermann Goering Division,Graph A
Captain Becker,assisted in,the transfer of Monte Cassino archives to Spoleto,Graph A
Joseph Becker,director of,Prussian State Library in Berlin,Graph A
Joseph Becker,member of,Kulturdirektion,Graph A
Joseph Becker,worked in,Paris for set up for dealing with French libraries and art collections,Graph A
Joseph Becker,received,objects from occupied countries,Graph A
Joseph Becker,worked as,dealer,Graph A
Baron Kurt von Behr,head of,ERR in Paris,Graph A
Baron Kurt von Behr,organized,looting in France,Graph A
Ewald Behrens,active in,Institut fur Deutsche Ostarbeit in Cracow,Graph A
Ewald Behrens,connected to,Josef Muehlmann,Graph A
Ewald Behrens,worked with,Muehlmann organisation in Poland,Graph A
Benatsky,member of,ERR,Graph A
Erik Berger,agent for,Walter Walter Paech,Graph A
Erik Berger,worked in,Germany,Graph A
Erik Berger,connected to,Karl Haberstock,Graph A
Erik Berger,connected to,Gurlitt Hildebrandt,Graph A
Erik Berger,connected to,Wolfgang Gurlitt,Graph A
Erik Berger,in custody of,"US Military Government, Wurzburg",Graph A
Berndt,protector of,works of art in Czechoslovakia,Graph A
Berndt,has information about,movement of works of art from the East,Graph A
Helmuth Beyer,worked for,ERR in Paris,Graph A
Helmuth Beyer,worked as,Commercial Attache in the German Legation,Graph A
Helmuth Beyer,worked as,Resident representative for Goering in Switzerland,Graph A
Helmuth Beyer,worked for,Herman Goering,Graph A
Lars Bierbach,alias,Ernst,Graph A
Lars Bierbach,worked as,intermediary in sales of works of art to Goebbels,Graph A
Lars Bierbach,worked for,Joseph Goebbels,Graph A
Lars Bierbach,connected to,Dr. Ott,Graph A
Lars Bierbach,connected to,Director Bente of the Rhijnsche Handelsbank,Graph A
Moritz Julius Binder,worked as,Consultant to the Goering collection,Graph A
Moritz Julius Binder,connected to,Herman Goering,Graph A
Count Eddy von Bismarck,worked as,German diplomat in Italy,Graph A
Count Eddy von Bismarck,assisted,Prince Philipp von Hessen,Graph A
Count Eddy von Bismarck,purchased for,Linz,Graph A
Count Eddy von Bismarck,related to,Prince Otto von Bismarck,Graph A
Wili Bleye,director of,Schenker Co in Paris,Graph A
Wili Bleye,assisted by,Scholz,Graph A
Wili Bleye,assisted by,Piper,Graph A
Wili Bleye,assisted by,Zilla Anders,Graph A
Bobrowski,worked as,officer in the Hermann Goering Division,Graph A
Bobrowski,connected with,the removal of art from Monte Cassino to Spoleto,Graph A
Karl Bodenschatz,worked for,Herman Goering Ministerial Office,Graph A
Karl Bodenschatz,connected to,Herman Goering,Graph A
Karl Bodenschatz,in charge of,Kunstford,Graph A
von Boeck,head of,Abteilung Feind Vermoegen,Graph A
von Boeck,connected to,the Dienststelle Muehlmann,Graph A
Alfred Boedecker,worked as,dealer,Graph A
Alfred Boedecker,connected to,Galerie Neupert,Graph A
Alfred Boedecker,connected to,Bruno Lohse,Graph A
Alfred Boedecker,involved in,an exchange with the ERR,Graph A
Julius Boehler jr,partner of,Hans Martin Sauermann,Graph A
Julius Boehler jr,contact of,Karl Haberstock,Graph A
Julius Boehler jr,purchased for,the Gutmann collection,Graph A
Julius Boehler jr,worked with,Karl Haberstock,Graph A
Franz Boehm,worked as,"an archivist at Poznan, Poland",Graph A
Bernhard Boehmer,assistant to,Barlach,Graph A
Bernhard Boehmer,buyer for,Joseph Goebbels,Graph A
Bernhard Boehmer,worked in,Holland,Graph A
Bernhard Boehmer,worked in,Paris,Graph A
Bernhard Boehmer,client of,Petrides,Graph A
Bernhard Boehmer,client of,Philippe Adrion,Graph A
Bernhard Boehmer,connected to,Hans Wendland,Graph A
Bernhard Boehmer,connected to,Theodore Fischer,Graph A
Bernhard Boehmer,worked as,intermediary in sale of Degas' Madame Camus,Graph A
Boehringer,worked as,an archaeologist,Graph A
Boehringer,worked for,German Embassy in Athens,Graph A
Werner Boekenkampf,connected with,the Marburg Institute,Graph A
Werner Boekenkampf,worked with,Karl Epting,Graph A
Werner Boekenkampf,worked at,the Institut Alleman,Graph A
Werner Boekenkampf,director of,Institut Allemand in Marseilles,Graph A
Enst Boepple,head of,Bayerische Kulturministerium,Graph A
Enst Boepple,worked as,under secretary of state in the cabinet of Governor General Frank in Poland,Graph A
Boettger,assistant to,General Bodemschatz,Graph A
Boettger,worked as,administrator of Kunstfond,Graph A
Boettger,member of,ERR in Berlin,Graph A
Michael Bogner,assistant to,Walter Bornheim,Graph A
Walter Borchers,worked for,ERR in Paris,Graph A
Walter Borchers,director of,Arbeitsgruppe Louvre,Graph A
Walter Bornheim,worked as,dealer,Graph A
Walter Bornheim,owner of,"Galerio fur Alte Kunst, Munich",Graph A
Walter Bornheim,buyer for,Herman Goering,Graph A
Brabender,worked as,dealer,Graph A
Brabender,sold to,Walter Bornheim,Graph A
Brabender,worked for,Herman Goering Collection,Graph A
Ernst Bracht,worked as,Gauleiter of Upper Silesia ,Graph A
Ernst Bracht,connected with,art looting in Silesia,Graph A
Frantz Brandle,bought,furniture in Paris during occupation,Graph A
Brauchitsch,worked for,Herman Goering,Graph A
Brauchitsch,connected with,Herman Goerings art transactions,Graph A
Brauchitsch,assisted,Walter Andreas Hofer,Graph A
Brauchitsch,assisted,Eric Gritzbach,Graph A
Brauchitsch,assisted in,looting from Monte Cassino in Splato,Graph A
Brauchitsch,purchased,two paintings confiscated by the ERR,Graph A
Wolff Braumueller,partner of,Fritz Busse,Graph A
Wolff Braumueller,partner of,Grube,Graph A
Wolff Braumueller,responsible for,confiscation operations of ERR in Paris,Graph A
Arno Breker,advisor to,Herman Goering,Graph A
Arno Breker,worked with,Hermann Bunjes,Graph A
Arno Breker,worked for,Herman Goering,Graph A
Arno Breker,connected to,Adolf Wuester,Graph A
Arno Breker,connected to,Philippe Adrion,Graph A
Arno Breker,connected to,Fabre,Graph A
Arno Breker,connected to,Jansen,Graph A
Arno Breker,connected to,French dealers,Graph A
Karl Brethauer,member of,ERR in Berlin,Graph A
Karl Brethauer,responsible for,ERR in Paris,Graph A
Karl Brethauer,connected to,Kurt von Behr,Graph A
Breuer,editor of,Die Weltkunst ,Graph A
Breuer,in charge of,Beaux Arts,Graph A
Breuer,connected to,Wildenstein,Graph A
Breuer,connected to,Karl Haberstock,Graph A
Breuer,connected to,Roger Louis Adolphe Dequoy,Graph A
Alphonse Bruemmer,assistant to,Heinrich Hoffman,Graph A
Leo Bruhns,director of,Herziana Library in Rome,Graph A
Leo Bruhns,worked as,Civilian adviser to the German Ambassador,Graph A
Leo Bruhns,worked with,Degenhardt,Graph A
Leo Bruhns,worked with,Ringler,Graph A
Brunner,member of,Kunstschutz in Brussels,Graph A
Eugen Bruschwiller,friend of,Adolf Hitler,Graph A
Eugen Bruschwiller,friend of,Heinrich Hoffman,Graph A
Eugen Bruschwiller,buyer for,Linz,Graph A
Eugen Bruschwiller,connected to,Martin Bormann,Graph A
Eugen Bruschwiller,related to,Director of Coburg Museum,Graph A
Ernst Buchner,worked as,Director General of the Bavarian State Museum,Graph A
Karl W Buemming,worked as,Bookseller and antique dealer in Darmstadt,Graph A
Karl W Buemming,represented,Germany,Graph A
Karl W Buemming,worked for,Theodore Fischer,Graph A
Karl W Buemming,intermediary in,Walter Andreas Hofer-Theodore Fischer exchanges,Graph A
Karl W Buemming,intermediary in,Friedrich Wolffhardt transactions,Graph A
Karl W Buemming,organized,movement of looted works of art between Germany and Switzerland,Graph A
Buerckel,worked as,Gauleiter of Vienna,Graph A
Buerckel,presented,confiscated collections of Alphons and Louis Rothschild of Vienna to Adolf Hitler,Graph A
Buerckel,connected to,Adolf Hitler,Graph A
Hermann Bunjes,director of,Deutsche Kunsthistorische Forschungsstaette,Graph A
Hermann Bunjes,agent for,Herman Goering,Graph A
Hermann Bunjes,connected to,ERR,Graph A
Josef Busley,member of,Kunstschutz in Bordeaux,Graph A
Josef Busley,member of,Kunstschutz in Angers,Graph A
Josef Busley,worked with,Ernst Heinrich Zimmermann,Graph A
Josef Busley,worked with,Franz Wolff Metternich,Graph A
Fritz Busse,member of,ERR in Paris,Graph A
Fritz Busse,responsible for,confiscations,Graph A
Fritz Busse,partner of,Wolff Braumueller,Graph A
 Busso,director of,"Lodz Museum, Poland",Graph A
 Busso,responsible for,looting and destruction of libraries in Poznan and Lodz,Graph A
Choepelle,assistant to,Fritz Goernnert,Graph A
Choepelle,involved in,the transportation of art objects,Graph A
 Karl Heinz Clasen,worked as,Professor at Koenigsberg University,Graph A
 Karl Heinz Clasen,worked as,Professor at Rostock University,Graph A
 Karl Heinz Clasen,responsible for,looting of collections in Poznan,Graph A
 Karl Heinz Clasen,responsible for,looting of collections in Sandemiertz,Graph A
 Karl Heinz Clasen,responsible for,looting of collections in  Cracow,Graph A
 Karl Heinz Clasen,connected with,Kajetan Muehlmann,Graph A
Cloos,in charge of,ERR in Bordeaux,Graph A
 Wilhelm Coblitz,director of,Institut fur Deutsche Ostarbeit in Cracow,Graph A
 Jan W Crous,worked as,Librarian of the German Archaeological Institute in Rome,Graph A
 Jan W Crous,involved in,the confiscation of goods of the Czechoslovakian Institute in Rome,Graph A
 Jan W Crous,arranged,storage in Alt Aussee for objects in Rome ,Graph A
Ludwig Curtius,director of,German Archaeological Institute in Rome,Graph A
Ludwig Curtius,assisted,Prince Philipp von Hessen in his acquisitions for Germany,Graph A
Dauncel,member of,OKH photographic team in France,Graph A
Dauncel,worked with,Alfred Stange,Graph A
Dauncel,worked with,Richard Hamann,Graph A
Bernard Degenhart,member of,ERR Central Department,Graph A
Bernard Degenhart,member of,Kunstschutz in Italy,Graph A
Bernard Degenhart,worked with,Ringler,Graph A
Bernard Degenhart,worked with,Leo Bruhns,Graph A
Bernard Degenhart,worked with, Dienststelle Muehlmann,Graph A
Friedrich Wilhelm Deichmann,worked at,German Archaeological Institute in Rome,Graph A
Demmler,member of,Muehlman’s special commission for art confiscations in Cracow,Graph A
Theodor Demmler,director of,Department of Sculpture at the Kaiser Friedrich Museum,Graph A
Theodor Demmler,consultant to,Herman Goering Colleciton,Graph A
Theodor Demmler,connected to,Herman Goering,Graph A
Werner R Deusch,worked as,dealer,Graph A
Werner R Deusch,connected to,the art market in Paris,Graph A
Werner R Deusch,connected to,the art market in Switzerland,Graph A
Werner R Deusch,connected to,the art market in Sweden,Graph A
Werner R Deusch,editor of,Die Weltkunst,Graph A
Carl Hermann Diesch,head of,State Library in Koenigsberg,Graph A
Carl Hermann Diesch,head of,University Library in Koenigsberg,Graph A
Carl Hermann Diesch,active in,looting of Polish libraries,Graph A
Dietrich,commander of,Sixth Panzer Division,Graph A
Dietrich,stored,looted objects from France,Graph A
Maria Almas Dietrich,worked as,dealer,Graph A
Maria Almas Dietrich,friend of,Adolf Hitler,Graph A
Maria Almas Dietrich,buyer for,Adolf Hitler,Graph A
Maria Almas Dietrich,purchasing agent for,Linz,Graph A
Dillenberg,worked for,Karl Friedrich Hanesse,Graph A
Dillenberg,worked as,paymaster,Graph A
Dillenberg,in charge of,Herman Goering funds,Graph A
Dillenberg,connected to,Herman Goering,Graph A
F Doelger,worked as,professor,Graph A
Dortheum,was an,auction house,Graph A
Drees,assistant to,Karl Friedrich Hanesse,Graph A
Wilhelm Drost,director of,Danzig Museum,Graph A
Wilhelm Drost,worked as,buyer,Graph A
Fritz Dworschak,curator at,Kunsthistorisches Institut,Graph A
Fritz Dworschak,director of,Kunsthistorisches Institut,Graph A
Fritz Dworschak,connected to,Baldur von Schirach,Graph A
Fritz Dworschak,worked with,Seyss-Inquart,Graph A
Fritz Dworschak,worked with,Muehlmann,Graph A
Ebeling,member of,ERR in Brussels,Graph A
Ebert,director of,ERR in Paris,Graph A
Mueller Eckert,responsible for,seizure of Finally Collection,Graph A
Helga Eggemann,member of,ERR in Paris,Graph A
Hermann Eich,worked with,German Institute in Paris,Graph A
August Eugruber,Gauleiter of,Oberdonau,Graph A
August Eugruber,ordered,destruction of works at Alt Aussee,Graph A
August Eugruber,in custody at,Nuremberg,Graph A
Karl Epting,director of,German Institute in Paris,Graph A
Karl Epting,director of,Deutschland Frankreich,Graph A
Karl Epting,collaborated with,Kunsberg organisation,Graph A
Karl Epting,connected to,the seizure of works of art in France in 1940,Graph A
Ernst,secretary of,Walter Andreas Hofer,Graph A
Richard Ernst,active in,looting in France,Graph A
Richard Ernst,active in,looting in Holland,Graph A
Richard Ernst,member of,ERR,Graph A
Richard Ernst,member of,Dienststelle Muehlmann,Graph A
W Esser,member of,ERR in Paris,Graph A
Hans Gerhard Evers,head of,Kunstschutz,Graph A
Hans Gerhard Evers,worked for,ERR in Paris,Graph A
Eugen Ewig,archivist for,Moselle,Graph A
Fabian,connected with,Baldur von Schirach,Graph A
Fabian,involved in,removal of Viennese works of art from Lauffen mine,Graph A
Fabian,in custody,by the US Seventh Army,Graph A
Georg Fahrbach,worked as,dealer,Graph A
Georg Fahrbach,active in,France,Graph A
Georg Fahrbach,buyer of,antique furniture,Graph A
Georg Fahrbach,worked for,the City of Cologne,Graph A
Feiler,head of,ERR in Orleans,Graph A
Feldhusen,member of,Kunstschutz in Italy,Graph A
Feldhusen,took,two paintings from Olivete,Graph A
Feldhusen,gave,stolen paintings to Alexander Dietrich Langsdorff,Graph A
Feldhusen,connected to,Olivete,Graph A
Feldhusen,connected to,Alexander Dietrich Langsdorff,Graph A
Galerie Fellner,active in,France,Graph A
Galerie Fellner,shipped through,Schenker Co.,Graph A
Galerie Fellner,connected to,Friedrich Welz,Graph A
Hans Fishboeck,in charge of,Devisenschutzkommando for Holland,Graph A
Hans Fishboeck,involved in,acquisitions for Herman Goering,Graph A
Hans Fishboeck,connected to,Herman Goering,Graph A
Fischer,head of,ERR in Troyes,Graph A
Walter Fresacher,responsible for,looting of archives in the Adriatic military zone,Graph A
Frey,head of,ERR in St Germain,Graph A
Dagobert Frey,director of,Art Historical Institute in Breslau,Graph A
Dagobert Frey,responsible for,looting Polish art treasures,Graph A
Max J Friedlaender,fled to,Holland,Graph A
Max J Friedlaender,connected to,Herman Goering,Graph A
Max J Friedlaender,connected to,Walter Andreas Hofer,Graph A
Max J Friedlaender,in contact with,Bruno Lohse,Graph A
Max J Friedlaender,in contact with,Muehlmann,Graph A
Max J Friedlaender,friend of,Vitalo Bloch,Graph A
Max J Friedlaender,in contact with,Walter Paech,Graph A
Max J Friedlaender,in contact with,Lutjens,Graph A
Alfred Fritzsche,director of,German Library in Cracow,Graph A
Walter Frodl,member of, Kunstschutz in Italy,Graph A
Walter Frodl,sent,confiscated property from Trieste to Klagenfurt Museum,Graph A
Walter Frodl,worked with,Erika Hanfstaengl,Graph A
Siegfried Fuchs,director of,German Archaeological Institute in Rome,Graph A
Siegfried Fuchs,responsible for,seizure of Czechoslovakian Archaeological Institute,Graph A
Siegfried Fuchs,responsible for,transfer to Germany of the Archaeological Institute and the Herziana libraries,Graph A
Hans Fuehrmann,worked at,German Archaeological Institute in Rome,Graph A
Geibel,connected with,looting of Polish art,Graph A
Geisenhofer,head of,ERR in Dijon,Graph A
Gense,head of,Kulturamt in Lvov,Graph A
Heinrich Gerch,worked for,Herman Goering,Graph A
Heinrich Gerch,in charge of,Military Fund,Graph A
Heinrich Gerch,worked with,Grundtmann Kornatski,Graph A
Heinrich Gerch,worked with,Linberger,Graph A
Heinrich Gerch,worked with,Walter Andreas Hofer,Graph A
Gerdemann,active in,German libraries in Poland,Graph A
Arnim von Gerkan,director of,German Archaeological Institute in Rome,Graph A
Werner Gerlach,head of,Kulturpolitische Abteiling,Graph A
Werner Gerlach,member of,GIS,Graph A
Galerie Gerstenberger,worked as,dealer,Graph A
Galerie Gerstenberger,sold to,Linz,Graph A
Galerie Gerstenberger,worked for,Grosshennig,Graph A
Josef Karl Gerum,in charge of,confiscated Jewish art in Munich,Graph A
Josef Karl Gerum,member of,GIS,Graph A
Guenther Gieraths,responsible for,seizure of Prague Military Academy library,Graph A
Gallerie Giese,worked as,dealer,Graph A
Gallerie Giese,sold to,Walter Andreas Hofer,Graph A
Maria Gillhausen,worked as,dealer,Graph A
Maria Gillhausen,connected to,Lawdry,Graph A
Maria Gillhausen,connected to,Alfred Pacquement,Graph A
Maria Gillhausen,connected to,Ernst Buchner,Graph A
Maria Gillhausen,connected to,Walter Bornheim,Graph A
Maria Gillhausen,connected to,Gasparri,Graph A
Erhard Goepel,agent for,Linz,Graph A
Erhard Goepel,buyer for,Linz,Graph A
Erhard Goepel,worked for,Hans Posse,Graph A
Erhard Goepel,worked for,Hermann Voss,Graph A
Erhard Goepel,in contact with,Vitalo Bloch,Graph A
Erhard Goepel,in contact with,Adolf Wuester,Graph A
Erhard Goepel,in contact with,Wandl,Graph A
Erhard Goepel,in contact with,Ward Holzapfel,Graph A
Fritz Goernnert,secretary of,Herman Goering,Graph A
Fritz Goernnert,in charge of,Special Trains used to transport art to Germany,Graph A
Fritz Goernnert,liason with,Martin Bormann,Graph A
Fritz Goernnert,liason with,Nazi Party,Graph A
Gottfriedsen,in charge of,Joachim von Ribbentrop art collection,Graph A
Gottfriedsen,connected to,Joachim von Ribbentrop,Graph A
Wilhelm Grau,member of,ERR in Paris,Graph A
Wilhelm Grau,responsible for,looting Paris libraries,Graph A
Greiner,member of,Kunstschutz in Italy,Graph A
Greiner,responsible for,removal of several art deposits in Italy,Graph A
Greinke,worked for,ERR in Paris,Graph A
Eric Gritzbach,worked for,Herman Goering,Graph A
Eric Gritzbach,in charge of,Herman Goering art purchases,Graph A
R Grosse,worked as,dealer,Graph A
R Grosse,active in,France,Graph A
R Grosse,shipped through,Schenker Co.,Graph A
Grosshennig,director of,Galerio Gerstenberger,Graph A
Grosshennig,worked as,buyer,Graph A
Grosshennig,active in,France,Graph A
Grosshennig,in contact with,Cornelius Postma,Graph A
Grosshennig,in contact with,Hermann Voss,Graph A
Grosshennig,in contact with,Martin Fabiani,Graph A
Grosshennig,in contact with,Victor Mandl,Graph A
Grosshennig,in contact with,Boehler,Graph A
Grosshennig,in contact with,Eduard Plietzsch,Graph A
Grosshennig,connected to,Linz,Graph A
Grube,partner of,Fritz Busse,Graph A
Grube,partner of,Wolff Braumueller,Graph A
Grube,responsible for,confiscation operations of ERR in Paris,Graph A
Gruenberg,director of,Ethnographical Museum in Lodz,Graph A
Guenther Grundmann,active in,Poland,Graph A
Guenther Grundmann,director of,Silesian Museum,Graph A
Alfred Grunsky,member of,ERR,Graph A
Alfred Grunsky,active in,France,Graph A
Grusse,active in,looting of Czechoslovakian libraries,Graph A
Guetmann,member of,ERR in Brussels,Graph A
Hildebrandt Gurlitt,agent for,Linz,Graph A
Hildebrandt Gurlitt,connected to,Theo Hermssen Jr,Graph A
Hildebrandt Gurlitt,connected to,Baron von Poellnitz,Graph A
Wolfgang Gurlitt,related to,Hildebrandt Gurlitt,Graph A
Wolfgang Gurlitt,worked as,dealer,Graph A
Wolfgang Gurlitt,contact of,Hermann Voss,Graph A
Haas,worked with,German Archaeological Institute in Rome,Graph A
Haas,involved in,transfer of works of art from northern repositories to Rome,Graph A
Karl Haberstock,worked as,dealer,Graph A
Karl Haberstock,worked for,Adolf Hitler,Graph A
Karl Haberstock,connected to,Hans Posse,Graph A
Karl Haberstock,connected to,Linz,Graph A
Haendler,assistant to,Gottfried Reimer,Graph A
Haendler,worked at,Linz,Graph A
Johann Gerhard Hagemeyer,member of,ERR,Graph A
Johann Gerhard Hagemeyer,active in,French libraries and archives,Graph A
Hagenow,worked as,restorer,Graph A
Hagenow,worked for,Herman Goering,Graph A
Ham,assistant to,Gisela Limberger,Graph A
Ham,worked for,Herman Goering Collection,Graph A
Ham,connected to,Herman Goering,Graph A
Richard Hamann MacLean,director of,Marburg Institute,Graph A
Richard Hamann MacLean,member of,German Photographic Fine Arts Commission,Graph A
Hampe,member of,Kunstschutz in Greece,Graph A
Hampe,worked with,Jansen,Graph A
Karl Friedrich Hanesse,in charge of,Herman Goering Funds,Graph A
Karl Friedrich Hanesse,friend of,Herman Goering,Graph A
Karl Friedrich Hanesse,arranged,storage and transportation of art objects intended for the Herman Goering collection,Graph A
Erika Hanfstaengl,member of,Kunstschutz in Italy,Graph A
Erika Hanfstaengl,in charge of,operations at Udine and Venezia Giulia,Graph A
Erika Hanfstaengl,in contact with,Heinrich Himmler,Graph A
Erika Hanfstaengl,in contact with,Walter Frodl,Graph A
Erika Hanfstaengl,in contact with,Maria Almas Dietrich,Graph A
Hartman,member of,Devisenschutzkommando in Paris,Graph A
Werner Grote Hasembalg,worked as,dealer,Graph A
Werner Grote Hasembalg,buyer for,german museums,Graph A
Werner Grote Hasembalg,buyer for,government officials,Graph A
Edmund Hausen,director of,Kaiserslautern Museum,Graph A
Edmund Hausen,director of,Metz Museum,Graph A
O Heck,director of,Staatliche Bildstelle in Cracow,Graph A
Heidelberg,worked as,architect,Graph A
Heidelberg,active in,art looting in Warsaw,Graph A
Heim,in contact with,Bruno Lohse,Graph A
Heim,in contact with,Friedrich Wolffhardt,Graph A
Heim,in contact with,Ward Holzapfel,Graph A
Heim,in contact with,Eugen Bruschwiller,Graph A
Karl Hein,active in,the removal of works of art from Poland to East Prussia,Graph A
Ernst Heinecke,worked for,Herman Goering,Graph A
Ernst Heinecke,in charge of,transporting Rothschild jewellery collection to Berlin,Graph A
Ursula Heintze,member of,ERR in Paris,Graph A
Ursula Heintze,assistant to,Walter Borchers,Graph A
Heldrich,implicated in,the looting of Chateau de la Tour,Graph A
Hendricks,worked with,Alois Miedl,Graph A
Herbert,member of,ERR,Graph A
Hans Herbst,director of,Dorotheum Auction House,Graph A
Hans Herbst,buyer for,Linz,Graph A
Hans Herbst,contact of,Hegeer,Graph A
Hans Herbst,contact of,Maurice Lagrand,Graph A
Kurt Hermann,purchased from,Herman Goering,Graph A
Kurt Hermann,possessed,part of the Rothschild jewellery and silver collection,Graph A
Prince Philipp von Hessen,agent for,Linz,Graph A
Ludwig Heinrich Heydenreich,director of,German Institute in Florence,Graph A
Ludwig Heinrich Heydenreich,worked with,Hand Gerhard Evers,Graph A
Ludwig Heinrich Heydenreich,worked with,Lansdorff,Graph A
Ludwig Heinrich Heydenreich,worked with,Heise,Graph A
Hildebrandt,friend of,Heinrich Himmler,Graph A
Hildebrandt,looted,books from the communal library at Velletri,Graph A
Hildebrandt,looted,books from the library of Princess Ginetti,Graph A
Rudolf Himpsl,worked at,Fuhrerbau ,Graph A
Rudolf Himpsl,connected to,Linz,Graph A
Hans Hinkel,has information about,looting of Jewish art treasures from Poland,Graph A
Hans Hinkel,in charge of,propaganda for the troops,Graph A
Johannes Hinrichsen,partner of,Paul Lindpaintner,Graph A
Johannes Hinrichsen,buyer for,Herman Goering,Graph A
Johannes Hinrichsen,contact of,Walter Bornheim,Graph A
Johannes Hinrichsen,worked with,Walter Bornheim,Graph A
Johannes Hinrichsen,connected to,Herman Goering Collection,Graph A
Alfredo Hirsch,in correspondence with,Catalina von Pannwitz,Graph A
Alfredo Hirsch,in contact with,Alois Miedl,Graph A
Alfredo Hirsch,connected to,GIS,Graph A
Baron Hirschberg,received,confiscated Jewish property,Graph A
Baron Hirschberg,connected to,Mussolini,Graph A
Baron Hirschberg,exchanged,property for use of his castle by Mussolini,Graph A
Ilse Hirschberg,member of,ERR in Paris,Graph A
Ilse Hirschberg,secretary of,Kurt von Behr,Graph A
Walter Hoeckner,represented,Friedrich Wolffhardt in Prague,Graph A
Walter Hoeckner,connected to,attempted confiscation of Lobkowitz Music Collection,Graph A
Hoermann,member of,Kunstschutz in France,Graph A
Hoermann,responsible for,St Germain area,Graph A
Hoermann,worked with,Felix Kuetgens,Graph A
Hoermann,worked with,Franz Wolff Metternich,Graph A
Berta Hofer,related to,Walter Andreas Hofer,Graph A
Berta Hofer,worked for,Herman Goering Collection,Graph A
Berta Hofer,worked as,restorer,Graph A
Walter Andreas Hofer,director of,Herman Goering Collection,Graph A
Walter Andreas Hofer,purchasing agent for,Herman Goering,Graph A
Erwin Hoff,active in,looting of Cracow University,Graph A
H W Hupp,official of,Dusseldorf Museum,Graph A
H W Hupp,buyer in,France,Graph A
Hermann von Ingram,business manager of,ERR in Paris,Graph A
Hermann von Ingram,worked at,ERR in Paris,Graph A
Hermann von Ingram,responsible for,administration of art staff at ERR in Paris,Graph A
Heinrich Jerchel,active in,ERR in Paris,Graph A
Jessel,in charge of, appraisal of the Rothschild jewel collection confiscated by Goering,Graph A
Jessel,connected to,Rothschild jewel collection,Graph A
Kahlert,contact of,Theodore Fischer,Graph A
Kalbhen,head of,ERR in Le Havre,Graph A
Kalnein,member of,Kunstschutz in France,Graph A
Kalnein,worked with,Felix Kuetgens,Graph A
Hans Karlinger,active in,Poland,Graph A
Kattengel,assistant to,Fritz Goernnert,Graph A
Kattengel,involved in,transportation and Goering’s Special Trains,Graph A
Kattengel,connected to,Special Trains,Graph A
Keller,worked with,OKH photographic team in France,Graph A
Keutmann,worked for,Herman Goering,Graph A
Franz Kieslinger,member of,Dienststelle Muehlmann,Graph A
Franz Kieslinger,active in,Holland,Graph A
Kirsten,alias,Alt,Graph A
Kirsten,member of,Kunstschutz in Athens,Graph A
Kleinschmidt,secretary of,General Karl Friedrich Hanesse,Graph A
Kleinschmidt,represented,Herman Goering,Graph A
Klement,active in,Paris,Graph A
Klement,connected to,ERR,Graph A
Otto Kletzel,active in,Prague,Graph A
Otto Kletzel,active in,Poznan,Graph A
Otto Kletzel,active in,Goluchow,Graph A
Otto Kletzel,active in,Kornik,Graph A
Otto Kletzel,active in,Liege,Graph A
Hans Helmut Klihm,worked with,Walter Bornheim,Graph A
Anneliese Knab,secretary of,Walter Borchers,Graph A
Anneliese Knab,secretary of,Bruno Lohse,Graph A
Anneliese Knab,member of,ERR in Paris,Graph A
Gustav Knauer,worked with,Schenker,Graph A
Gustav Knauer,involved in,removal of looted art from Paris to Germany,Graph A
Knothe,secretary of,German Embassy in Paris,Graph A
Knothe,worked with,Adolf Wuester,Graph A
Knothe,worked for,Joachim von Ribbentrop,Graph A
Knothe,connected to,Joseph Goebbels,Graph A
Erich Koch,Gauleiter of,East Prussia,Graph A
Erich Koch,Commissioner of,Ukraine,Graph A
Erich Koch,connected to,Herman Goering,Graph A
Erich Koch,purchased from,Herman Goering Collection,Graph A
Heinz Koehn,assistant to,Heinz Rudolf Rosemann,Graph A
Heinz Koehn,member of,Kunstschutz in Brussels,Graph A
Hans Koester,worked as,consul general in Venice,Graph A
Hans Koester,represented,Herman Goering,Graph A
Franz Koettgen,active in,Cracow,Graph A
Franz Koettgen,looted,art works from the Royal Castle in Cracow to Berlin,Graph A
Karol Konrad,worked as,Nazi propaganda official,Graph A
Karol Konrad,responsible for,removal of books from Fort St Quentin,Graph A
Grundtmann Kornatsky,secretary of,Herman Goering,Graph A
Franz Koviak,worked as,shipper,Graph A
Franz Koviak,involved with,looted art from the Occupied Territories of the East,Graph A
Karlsruhe Kraft,responsible for,removal of religious art objects from the Diocese of Strasbourg,Graph A
Georg Kraft,worked with,EBLE,Graph A
Georg Kraft,involved with,Roman excavations in France during occupation,Graph A
W Kraiker,head of,Kunstschutz in Athens,Graph A
Kallert,responsible for,looting works of art and documents of scientific interest in Russia,Graph A
Kallert,responsible for,looting works of art and documents of scientific interest in Italy,Graph A
Eckhardt Richard Kramer,connected with,Alois Miedl,Graph A
Eckhardt Richard Kramer,involved in,transportation of paintings to Spain,Graph A
Karl Kraus,involved in,removal of archives and engravings from Warsaw,Graph A
Karl Kraus,in collaboration with,Muehlmann,Graph A
Karl Kress,worked for,ERR in Paris,Graph A
Karl Kress,active in,Alt Aussee deposit,Graph A
Kressin,assistant to,Karl Friedrich Hanesse,Graph A
Kressin,represented,Herman Goering,Graph A
Kressin,connected with,storage of art objects,Graph A
A Kreuter,involved in,transfer to Germany of a Titian,Graph A
A Kreuter,friend of,Helga Eggemann,Graph A
A Kreuter,connected to,ERR,Graph A
Lambrecht Kreuter,represented,Herman Goering,Graph A
Kribben,secretary of,German military staff,Graph A
Kribben,connected with,transportation of artworks in Paris,Graph A
Krochmann,assistant to,Gisela Limberger,Graph A
Krochmann,secretary of,Herman Goering,Graph A
Krochmann,worked for,Herman Goering Collection,Graph A
Wolfgang Kroenig,member of,Kunstschutz in Belgium,Graph A
Werner Kroske,worked for,ERR in Paris,Graph A
Werner Kroske,succeeded,Greinke,Graph A
Kruckenberg,connected with,art looting,Graph A
Oberst Krueger,member of,Kunstschutz in Italy,Graph A
Oberst Krueger,responsible for,return of Oliveto deposit to Florence,Graph A
Oberst Krueger,connected with,attempted theft of the Cranach Adam and Eve,Graph A
Wolfgang Kreuger,director of,Lepke Auction House,Graph A
Wolfgang Kreuger,worked as,dealer,Graph A
Wolfgang Kreuger,active as,buyer,Graph A
Wolfgang Kreuger,active in,Paris,Graph A
Wolfgang Kreuger,shipped through,Schenker Co. ,Graph A
Hugo Andreas Kruess,member of,Kulturdirektion,Graph A
Kudlich,member of,German Commission for the Seizure and Safeguarding of Treasures of Art and Culture in Cracow,Graph A
Otto Keummel,director of,Prussian State Museums,Graph A
Otto Keummel,involved with,works of art in France and Poland,Graph A
Felix Kuetgens,member of,Kunstschutz in Paris,Graph A
Felix Kuetgens,in charge of,Kunstschutz in Serbia,Graph A
Felix Kuetgens,in charge of,Kunstschutz in Greece,Graph A
Felix Kuetgens,worked with,Adolf Wuester,Graph A
Felix Kuetgens,purchased in,Paris,Graph A
Kuhne,purchased,Portait of a Man by Goya,Graph A
Kuhne,connected to,Jaffe Collection,Graph A
Kuhne,involved with,Grosshennig Gallery,Graph A
Kulig,connected with,transfer of works of art from Poland,Graph A
Freiherr Johann von Kunsberg,worked for,German Secret Police,Graph A
Freiherr Johann von Kunsberg,worked as,Commandant,Graph A
Freiherr Johann von Kunsberg,collaborated with,Karl Epting,Graph A
Friedrich Franz Kuntze,member of,ERR in Paris,Graph A
Emil Kunze,worked at,Strasbourg University,Graph A
Herbert Kunze,active in,France,Graph A
Herbert Kunze,director of,Staedteschen Museum in Efurt,Graph A
Kupper,in charge of,German Archaeological Institute in Rome,Graph A
Kupper,involved with,plan to transfer the German libraries from Rome,Graph A
Kuttlich,director of,Tropau Museum,Graph A
Kuttlich,worked with,Gustav Bartel,Graph A
Kuttlich,worked for,Josef Muehlmann,Graph A
Kuttlich,worked in,Cracow,Graph A
Hans Heinrich Lammers,responsible for,financial transactions,Graph A
Hans Heinrich Lammers,worked at,Linz,Graph A
Gottfried Lang,worked at,Kunstschutz in Italy,Graph A
Gottfried Lang,worked as,financial adviser,Graph A
Ludwig Lang,worked at,Linz,Graph A
Hans W Lange,succeeded,Paul Graupe,Graph A
Hans W Lange,contact of,Karl Haberstock,Graph A
Hans W Lange,contact of,Bruno Lohse,Graph A
Hans W Lange,contact of,Maria Almas Dietrich,Graph A
Langeloh,worked as,dealer,Graph A
Langeloh,active in,France,Graph A
Langeloh,friend of,Walter Bornheim,Graph A
Alexander Dietrich Langsdorff,head of,Kunstschutz in Italy,Graph A
Alexander Dietrich Langsdorff,responsible for,removal of Florentine collections to German territory against the wishes of Italian authorities,Graph A
Georg Leibbrandt,head of,ERR in Berlin,Graph A
Georg Leibbrandt,involved in,Exploitation of Polish cultual material,Graph A
Georg Leibbrandt,involved in,Exploitation of Russian cultual material,Graph A
Georg Leibbrandt,involved in,Exploitation of Armenian cultual material,Graph A
M Leiner,curator at,Museum of Constance,Graph A
M Leiner,smuggled,art objects into Switzerland,Graph A
M Leiner,worked for,SS,Graph A
Lampertz,worked as,dealer,Graph A
Lampertz,worked with,Alois Miedl,Graph A
Lengerke,secretary of,General Karl Friedrich Hanesse,Graph A
Lengerke,secretary of,Dillenberg,Graph A
Lengerke,involved with,Herman Goering art transactions,Graph A
Burkhard von Lepel,director of,Kaiser Wilhelm Museum in Krefeld,Graph A
Burkhard von Lepel,purchased in,Paris,Graph A
Heinrich Leporini,curator at,Albertina in Vienna,Graph A
Heinrich Leporini,removed,anti-Nazi art from the Albertina,Graph A
Gisela Limberger,secretary of,Herman Goering,Graph A
Paul Lindpainter,worked as,dealer,Graph A
Paul Lindpainter,agent for,Fritz Possenbacher,Graph A
Paul Lindpainter,contact of,Alexander von Frey,Graph A
Paul Lindpainter,partner of,Johannes Hinrichsen,Graph A
Paul Lindpainter,involved with,Schenker Co.,Graph A
Ritter von Loehr,director of,Kunsthistorisches Institut,Graph A
Ritter von Loehr,worked as,Trustee,Graph A
Ritter von Loehr,worked at,Linz Collection,Graph A
Albert Loewenisch,purchasing agent for,Gauleitung Dusseldorf-Koln-Aachen-Bonn,Graph A
Albert Loewenisch,represented,German museum in France,Graph A
Albert Loewenisch,contact of,Theo Hermssen Jr,Graph A
Albert Loewenisch,contact of,Adolf Wuester,Graph A
Albert Loewenisch,contact of,Adolf Weinmueller,Graph A
Albert Loewenisch,contact of,Hans Lange,Graph A
Albert Loewenisch,partner of,Toulinot,Graph A
Albert Loewenisch,agent for,Walter Bornheim,Graph A
Fritz Loffler,worked in,Department of Propaganda in Cracow,Graph A
Fritz Loffler,has information about,Polish art treasures taken from the Royal Castle and the Lasienki Palace,Graph A
Paul Lohmann,confiscated,private libraries,Graph A
Paul Lohmann,involved with,storage of libraries in Paris,Graph A
Bruno Lohse,director of,ERR in Paris,Graph A
Kurt Martin,director of,Kunsthalle in Karlsrhue,Graph A
Kurt Martin,director of,all museums in Alsace,Graph A
Kurt Martin,worked for,Otto Abetz,Graph A
Kurt Martin,active in,Paris,Graph A
Kurt Martin,purchased for,German institutions,Graph A
Galerie Matthiesen,possessed,part of Goudstikker Collection,Graph A
Galerie Matthiesen,connected to,Heinz Mansfeld,Graph A
Galerie Matthiesen,connected to,Margarethe Noble,Graph A
Werner Matz,head of,German Institute in Rennes,Graph A
Werner Matz,head of,German Institute in Barcelona,Graph A
Wismer May,worked with,Adolf Wuester,Graph A
Wismer May,worked at,German Embassy in Paris,Graph A
Wismer May,connected with,Nazi Party,Graph A
Meerkamp,in charge of,packing and shipping,Graph A
Meerkamp,worked for,ERR in Paris,Graph A
Meiners,succeeded,Major Kreuter,Graph A
Meiners,represented,Herman Goering,Graph A
Merveldt,worked as,painter,Graph A
Merveldt,active in,Kunstschutz in Rome,Graph A
Franz Wolff Metternich,director of,Kunstschutz in France,Graph A
Franz Wolff Metternich,in charge of,Kunstschutz activities in France,Graph A
Franz Wolff Metternich,in charge of,Kunstschutz activities in the Netherlands,Graph A
Franz Wolff Metternich,in charge of,Kunstschutz activities in the Balkans,Graph A
Franz Wolff Metternich,in charge of,Kunstschutz activities in Italy,Graph A
Franz Wolff Metternich,opposed to,confiscation,Graph A
Meuren,secretary of,Walter Bornheim,Graph A
Meuren,worked for,Walter Bornheim,Graph A
Meyer,worked as,dealer,Graph A
Meyer,worked with,Lippmann Rosenthal Bank,Graph A
Meyer,active in,Prague,Graph A
Meyer,sold to,Linz,Graph A
Meyer,sold to,Munich Museum,Graph A
Meyer,in contact with,Boehler,Graph A
Meyer,in contact with,Ernst Buchner,Graph A
Meyer,in contact with,Hans Posse,Graph A
Meyer,in contact with,Rudolf Oertel,Graph A
E I Meyer,was,an institution,Graph A
E I Meyer,involved with,Alois Miedl,Graph A
General Ministerialat Michel,head of,financial section of the German military government,Graph A
General Ministerialat Michel,friend of,Herman Goering,Graph A
General Ministerialat Michel,involved with,Devisenschutzkommando ,Graph A
Aloid Miedl,friend of,Herman Goering,Graph A
Aloid Miedl,friend of,Heinrich Hoffman,Graph A
Aloid Miedl,purchased,Goudstikker Collection,Graph A
Aloid Miedl,connected to,Bilbao,Graph A
Franz Mittel,buyer of,art and furniture in Holland,Graph A
Hans Moebius,member of,Kunstschutz in Paris,Graph A
Moeckel,worked as,Oberinspektor ,Graph A
Moeckel,in charge of,Devisenschutzkommando,Graph A
Moeckel,in contact with,Walter Andreas Hofer,Graph A
Moellhausen,worked as,German Consul,Graph A
Moellhausen,worked with,German Archaeological Institute in Rome,Graph A
Mohl,agent for,Gestappo,Graph A
Mohl,connected with,seizure of Baron Cassel collection,Graph A
Wilhelm Jacob Mohnen,worked for,Adolf Wuester,Graph A
Wilhelm Jacob Mohnen,intermediary in,German art purchases and looting,Graph A
Wilhelm Jacob Mohnen,contact of,Bruno Lohse,Graph A
Wilhelm Jacob Mohnen,contact of,Kurt von Behr,Graph A
Wilhelm Jacob Mohnen,contact of,Karl Haberstock,Graph A
Wilhelm Jacob Mohnen,contact of,Hans Lange,Graph A
Wilhelm Jacob Mohnen,contact of,Hugo Engel,Graph A
J Wolfgang Moltke,member of,Kunstschutz in Belgium,Graph A
Hans Georg von Mosch,active in,Switzerland,Graph A
Hans Georg von Mosch,agent for,Germany,Graph A
Hans Georg von Mosch,in contact with,Hans Wendland,Graph A
Muechow,responsible for,ERR activities in Western Europe,Graph A
Josef Muehlmann,related to,Kajetan Muehlmann,Graph A
Josef Muehlmann,active in,Brussels,Graph A
Josef Muehlmann,collaborated with,Maurice Lagrand,Graph A
Josef Muehlmann,responsible for,looting in Poland,Graph A
Kajetan Muehlmann,worked for,Seyss-Inquart,Graph A
Kajetan Muehlmann,director of,Dienststolle Muehlmann,Graph A
Kajetan Muehlmann,worked as,SS officer,Graph A
Kajetan Muehlmann,responsible for,looting in Holland,Graph A
Kajetan Muehlmann,responsible for,looting in Poland,Graph A
Kajetan Muehlmann,agent for,Josef Muehlmann,Graph A
Kajetan Muehlmann,partner of,Josef Muehlmann,Graph A
Georg Hermann Mueller,director of,Archives in Dresden,Graph A
Georg Hermann Mueller,has information about,Polish archives removed from Warsaw to Dresden,Graph A
Johannes Mueller,member of,ERR,Graph A
Johannes Mueller,worked at,Jeu de Paume ,Graph A
Kurt Mueller,has information about,art objects removed from Polish archaeological collections,Graph A
Walter Mueller,director of,State Museum in Dresden,Graph A
Walter Mueller,has information about,looted Polish works removed to Dresden,Graph A
Wilhelm Meuller Scheld,worked as,journalist,Graph A
Wilhelm Meuller Scheld,worked as,propaganda leader,Graph A
Wilhelm Meuller Scheld,head of,"Art Section, Propaganda Division, of the occupation government of Norway",Graph A
Wilhelm Meuller Scheld,head of,Cultural Division of the German Propaganda Office,Graph A
Muewes,worked at,Devisenschutzkommando,Graph A
Muewes,involved with,Renders collection,Graph A
Muschal,head of,ERR in Rouen,Graph A
Muthmann,director of,Museum of Krefeld,Graph A
Muthmann,in contact with,Adolf Wuester,Graph A
Muthmann,in contact with,Paul Cailleux,Graph A
Muthmann,in contact with,Kurt Martin,Graph A
Muthmann,in contact with,Hopp,Graph A
Nadolle,purchased from,Maria Almas Dietrich,Graph A
Nadolle,worked for,Robert Ley,Graph A
Edward Neuffer,worked as,archaeologist,Graph A
Edward Neuffer,worked at,Kunstschutz in Paris,Graph A
Karl Anton Neugebauer,worked for,Herman Goering Collection,Graph A
Neidermeier,involved with,property seized by the Reich in France,Graph A
Neidermeier,connected with,Mannheimer Collection,Graph A
Wener Noack,director of,Municipal Collections in Freiburg,Graph A
Wener Noack,worked for,ERR in Paris,Graph A
Karl Anton Nowotny,worked at,Institut fur Deutsche Ostarbeit in Cracow,Graph A
Karl Anton Nowotny,has information about,removal of Polish prehistoric collections,Graph A
Nuss,member of,ERR in Paris,Graph A
Nuss,connected to,removal of the David Weill Collection,Graph A
Oberg,tried to obtain,Bayeux tapestry,Graph A
Rudolf Oertel,worked for,Linz Collection,Graph A
Rudolf Oertel,in charge of,paintings,Graph A
Rudolf Oertel,worked with,Gottfried Reimer,Graph A
Offer,worked for,ERR in Paris,Graph A
Offer,connected to,Gerhard Utikal,Graph A
Georg Otto,member of,ERR in Berlin,Graph A
Georg Otto,member of,ERR in Paris,Graph A
Paetow,member of,ERR,Graph A
Paetow,worked at,Rosenberg Office,Graph A
Paetow,worked for,Folk Studios,Graph A
Wilhelm Ernst Palezieux,replaced,Kajetan Muehlmann,Graph A
Wilhelm Ernst Palezieux,head of,safeguarding activities,Graph A
J Papritz,involved with,damage to documents and manuscripts in Poland,Graph A
Robert Pat Zaade,worked as,dealer,Graph A
Robert Pat Zaade,worked as,collector,Graph A
Robert Pat Zaade,active in,Paris,Graph A
Robert Pat Zaade,active in,Berlin,Graph A
Robert Pat Zaade,sold to,Bruno Lohse,Graph A
Robert Pat Zaade,in contact with,Hermann Voss,Graph A
Peter Paulsen,member of,GIS,Graph A
Peter Paulsen,worked with,Josef Muehlmann,Graph A
Peter Paulsen,connected to,National Museum in Wilanov Palace in Warsaw,Graph A
Ernst Petersen,worked at,Rostock University,Graph A
Ernst Petersen,active in,removing Polish libraries,Graph A
Ernst Petersen,worked as,Curator of Museums,Graph A
Ernst Petersen,worked in,Ponzan,Graph A
Ernst Petersen,worked in,Pomerania,Graph A
Pevetz,worked at,School of Fine Arts in Vienna,Graph A
Pevetz,in charge of,art repository in France,Graph A
Arthur Pfannstiel,worked as,dealer,Graph A
Arthur Pfannstiel,worked as,painter,Graph A
Arthur Pfannstiel,member of,ERR in Bordeaux,Graph A
Arthur Pfannstiel,member of,GIS,Graph A
Arthur Pfannstiel,friend of,Kurt von Behr,Graph A
Arthur Pfannstiel,informer for,Kurt von Behr,Graph A
Arthur Pfannstiel,in contact with,Adolf Wuester,Graph A
Carl Heinz Pfitzer,member of,Kunstschutz in Paris,Graph A
Carl Heinz Pfitzer,connected with,seizure of Wildenstein Collection,Graph A
Wilhelm Pinder,worked at,University of Berlin,Graph A
Wilhelm Pinder,active in,Cracow,Graph A
Wilhelm Pinder,active in,Lvov,Graph A
Leo Planiscig,dismissed from,Kunsthistorisches Institut,Graph A
Leo Planiscig,connected to,Dworschak,Graph A
Leo Planiscig,in contact with,Luigi Bellini,Graph A
Leo Planiscig,in contact with,Walter Andreas Hofer,Graph A
Eduard Eduard Plietzsch,in contact with,Franz Kieslinger,Graph A
Eduard Eduard Plietzsch,member of,Dienststelle Muehlmann,Graph A
Eduard Eduard Plietzsch,worked for,Herman Goering Collection,Graph A
Eduard Eduard Plietzsch,involved in,confiscation of Mannheimer Collection,Graph A
Eduard Eduard Plietzsch,involved with,sale of Mendelssohn Collection,Graph A
Eduard Eduard Plietzsch,buyer for,Seyss-Inquart,Graph A
Eduard Eduard Plietzsch,advisor to,Seyss-Inquart,Graph A
von Poellnitz,friend of,Karl Haberstock,Graph A
von Poellnitz,represented,Karl Haberstock,Graph A
von Poellnitz,involved with,arayanisation of  Wildernstein firm,Graph A
von Poellnitz,contact of,Roger Louis Adolphe Dequoy,Graph A
von Poellnitz,contact of,Hildebrandt,Graph A
von Poellnitz,contact of,Bruno Lohse,Graph A
Frau von Pohl,assistant to,Walter Bornheim,Graph A
Frau von Pohl,in charge of,personal possessions of Walter Bornheim,Graph A
von Pohl,represented,Herman Goering,Graph A
von Pohl,supplied agents with,funds,Graph A
Max Pohl,assistant to,Karl Schmidt,Graph A
Max Pohl,active in,Lille,Graph A
Karl Polhammer,worked at,Albertina in Vienna,Graph A
Karl Polhammer,worked as,restorer,Graph A
Karl Polhammer,involved in,looting polish collections and libraries,Graph A
Pommerhanz,related to,SS General Globotschnik,Graph A
Pommerhanz,informer for,SS General Globotschnik,Graph A
Pommerhanz,involved with,confiscation of Jewish property in Trieste,Graph A
Hans Posse,director of,State Picture Gallery in Dresden,Graph A
Hans Posse,connected to,Adolf Hitler,Graph A
Hans Posse,director of,Special Commision,Graph A
Hans Posse,worked at,Linz,Graph A
Hans Posse,purchased for,Germany,Graph A
Hans Posse,connected to,Hermann Voss,Graph A
Fritz Possenbacher,worked as,dealer,Graph A
Fritz Possenbacher,partner of,Anton Possenbacher,Graph A
Fritz Possenbacher,partner of,Otto Possenbacher,Graph A
Fritz Possenbacher,related to,Anton Possenbacher,Graph A
Fritz Possenbacher,related to,Otto Possenbacher,Graph A
Fritz Possenbacher,worked for,Nazi Party,Graph A
Fritz Possenbacher,looted,furniture,Graph A
Fritz Possenbacher,connected to,Paul Lindpaintner,Graph A
Georg Pudelko,related to,G F Herber,Graph A
Georg Pudelko,active in,Florence,Graph A
Georg Pudelko,active in,Lausanne,Graph A
Georg Pudelko,member of,German Propaganda Organization in Norway,Graph A
Emil Puhl,director of,Reichsbank,Graph A
Emil Puhl,exchanged,art as collateral,Graph A
Ilse Putz,member of,ERR in Paris,Graph A
Ilse Putz,connected to,Kurt von Behr,Graph A
Quantmeyer & Eicke,was,import company,Graph A
Quantmeyer & Eicke,operated by,Josef (Sepp) Angerer,Graph A
Bernard Rademacher,worked at,Landesmuseum in Bonn,Graph A
Bernard Rademacher,agent for,art purchased in France,Graph A
Bernard Rademacher,connected to,Leegenhoek,Graph A
Bernard Rademacher,connected to,Cornelius Postma,Graph A
Bernard Rademacher,connected to,Gustav Rochlitz,Graph A
Bernard Rademacher,in contact with,Adolf Wuester,Graph A
Bernard Rademacher,in contact with,Eduard Plietzsch,Graph A
Werner Radig,worked at,Institut fur Deutsche Ostarbeit in Cracow,Graph A
Werner Radig,has information about,looted State Archaeological Museum in Warsaw,Graph A
Rahls,worked as,officer in the Hermann Goering Division,Graph A
Rahls,connected with,removal of art from Monte Cassino in Spoleto,Graph A
Erich Randt,director of,German State Archives in Cracow,Graph A
Erich Randt,responsible for,reorganization of Polish archives,Graph A
Gottleib Friedrich Reber,worked as,dealer,Graph A
Gottleib Friedrich Reber,was,collector,Graph A
Gottleib Friedrich Reber,connected to,Herman Goering,Graph A
Gottleib Friedrich Reber,agent for,Walter Andreas Hofer,Graph A
Hans Reger,in charge of,Fuherbau,Graph A
Hans Reger,worked for,Linz,Graph A
Walter Rehbock,member of,ERR in Paris,Graph A
Walter Rehbock,succeeded,Bruno Lohse,Graph A
Walter Rehbock,member of,ERR in Paris,Graph A
Walter Rehbock,connected with,Hans Bammann,Graph A
Walter Rehbock,connected with,Hans Joachim Apfelstaedt,Graph A
Reidemeister,worked at,Kunstschutz in Italy,Graph A
Reidemeister,responsible for,removal of Florentine art collections to Germany,Graph A
Gottfried Reimer,assistant to,Director of Linz Commission,Graph A
Gottfried Reimer,worked for,Posse,Graph A
Gottfried Reimer,worked for,Hermann Voss,Graph A
Gottfried Reimer,involved in,one looting operation,Graph A
Hans Reinerth,worked at,University of Berlin,Graph A
Hans Reinerth,in contact with,Radig,Graph A
Hans Reinerth,has information about,looted Polish prehistorical collections,Graph A
Hedwig Reinhardt,member of,ERR in Brussels,Graph A
Metz Reusch,involved in,excavations,Graph A
von Richthofen,bought,art in Paris,Graph A
Oswald Rieckmann,represented,Herman Goering,Graph A
J Ringler,worked as,superintendent,Graph A
J Ringler,connected to,Bolzano Museum,Graph A
J Ringler,connected to,Trieste,Graph A
J Ringler,in contact with,Reidemeister,Graph A
J Ringler,in contact with,Leo Bruhns,Graph A
Rissman,secretary of,Gerhard Wolf,Graph A
Rissman,represented,Herman Goering,Graph A
Werner Rittich,worked for,Kunst im Deutschen Reich,Graph A
Werner Rittich,connected with,ERR,Graph A
Werner Rittich,assistant to,Robert Scholz,Graph A
Gustav Rochlitz,worked as,dealer,Graph A
Gustav Rochlitz,involved in,exchanges,Graph A
Gustav Rochlitz,involved with,ERR,Graph A
Gustav Rochlitz,recipient of,loot,Graph A
Gustav Rochlitz,connected to,Edward Schupp,Graph A
Gustav Rochlitz,connected to,Loos,Graph A
Gustav Rochlitz,connected to,Loerach Schopfheim,Graph A
Gustav Rochlitz,friend of,E Ascher,Graph A
Gustav Rochlitz,friend of,M de Beurry,Graph A
Roehlig,member of,ERR in Brussels,Graph A
Heinz Rudolf Rosemann,in charge of,Kunstschutz in Belgium,Graph A
Heinz Rudolf Rosemann,involved with,Virgin and Child by MicheHans Langelo,Graph A
Karl Rosner,worked as,dealer,Graph A
Karl Rosner,active in,Germany,Graph A
Karl Rosner,active in,Paris,Graph A
Karl Rosner,worked for,Herman Goering,Graph A
Karl Rosner,worked for,Nazi Party,Graph A
Werner Dietrich Rosskamp,member of,ERR in Paris,Graph A
Werner Dietrich Rosskamp,connected to,Hans Bammann,Graph A
Werner Dietrich Rosskamp,active in,Russia,Graph A
Hans Rudolph,buyer for,Linz,Graph A
Hans Rudolph,in contact with,Frank,Graph A
Hans Rudolph,in contact with,Muehlmann,Graph A
Herbert Rudolph,worked at,University of Strasbourg,Graph A
Siegfried Ruehle,director of,Museum in Poznan,Graph A
Siegfried Ruehle,member of,Institut fur Deutsche Ostarbeit in Cracow,Graph A
Siegfried Ruehle,responsible for,looting and destruction of cultural material at Cracow University,Graph A
Siegfried Ruehle,connected to,Cracow University,Graph A
von der Rupp,member of,ERR in Paris,Graph A
Leopold Ruprecht,worked for,Linz Collection,Graph A
Leopold Ruprecht,curator at,Kunsthistorisches Institut,Graph A
Rudolph Ruscheweyh,friend of,Emil Buehrle,Graph A
Gerhard Sarpok,collaborated with,Dagobert Frey,Graph A
Gerhard Sarpok,agent for,Gestappo,Graph A
Hans Martin Hans Martin Sauermann,director of,Boehler firm,Graph A
Hans Martin Hans Martin Sauermann,partner of,Boehler firm,Graph A
Hans Martin Hans Martin Sauermann,related to,Julius Boehler sr,Graph A
Hans Martin Hans Martin Sauermann,related to,Julius Boehler jr,Graph A
Hans Martin Hans Martin Sauermann,active in,German art market,Graph A
Prince  Ferdinand of Sayn-Wittgenstein,member of,OKH photographic team in France,Graph A
Prince  Ferdinand of Sayn-Wittgenstein,connected with,Alfred Stange,Graph A
Prince  Ferdinand of Sayn-Wittgenstein,connected with,Richard Hammann,Graph A
Prince  Ferdinand of Sayn-Wittgenstein,assistant to,Hermann Bunjes,Graph A
Schacher,responsible for,seizure of effectse from Czechoslovakian Legation in Rome,Graph A
Schahe,worked for,Herman Goering Collection,Graph A
Schedelmann,worked as,dealer,Graph A
Schedelmann,connected to,Leopold Ruprecht,Graph A
Schedelmann,involved in,acquisition of armour for Linz,Graph A
Schedelmann,connected to,Linz,Graph A
Scheibert,member of,Fine Arts Commission in Rome,Graph A
Scheibert,worked as,SS Stormtrooper,Graph A
Scheibert,in contact with,Hand Gerhard Evers,Graph A
Jakob Schweidwimmer,worked as,dealer,Graph A
Jakob Schweidwimmer,in contact with,Walter Bornheim,Graph A
Karl Schellenberg,head of,National Museum in Wilanov Palace in Warsaw,Graph A
Karl Schellenberg,has information about,removal of Polish works of art,Graph A
Schemmel,secretary of,Linz Commission,Graph A
Schenker & Co.,was,shipping firm,Graph A
Kurt Schertel von Burtenbach,connected with,Gestappo,Graph A
Kurt Schertel von Burtenbach,stole,paintings by Fragonard,Graph A
Kurt Schertel von Burtenbach,active in,Greece,Graph A
Schieder,connected with,Galerie Theodore Fischer,Graph A
Schieder,exported,works of art from Germany to Switzerland,Graph A
Schieder,exported,works of art from Germany to Argentina,Graph A
Guenther Schiedlausky,member of,ERR in Paris,Graph A
Guenther Schiedlausky,in charge of,ERR deposits in Germany,Graph A
Hubert Schiel,active in,Poland,Graph A
Schielle,member of,ERR in Paris,Graph A
Schielle,member of,ERR in Brussels,Graph A
Georg Schilling,worked as,dealer,Graph A
Georg Schilling,buyer for,Linz,Graph A
Georg Schilling,worked for,Hermann Voss,Graph A
Georg Schilling,possessed,Linz Certificate,Graph A
Georg Schilling,agent for,Herman Goering,Graph A
Schinnerer,possessed,Ice Skaters by Breughel,Graph A
Schinnerer,connected to,Adolf Weinmueller,Graph A
Schinnerer,connected to,Kajetan Muehlmann,Graph A
Schirmer,connected with,ERR in Holland,Graph A
Gottfried Schlag,member of,OKH photographic team in France,Graph A
Gottfried Schlag,worked for,Alfred Stange,Graph A
Gottfried Schlag,worked for,Richard Hamann,Graph A
Schlegel,worked as,officer in the Hermann Goering Division,Graph A
Schlegel,involved with,removal of art from Monte Cassino in Spoleto,Graph A
Schleier,worked as,German Consul General,Graph A
Schleier,purchased,art in France,Graph A
Wilhelm Schleiermacher,member of,Kunstschutz in France,Graph A
Ernst Schmidt ,friend of,Hermann Voss,Graph A
Ernst Schmidt ,purchased for,Linz,Graph A
Fritz Schmidt,assistant to,Josef (Sepp) Angerer,Graph A
Fritz Schmidt,moved,art from France to Switzerland,Graph A
Fritz Schmidt,active in,Switzerland,Graph A
Fritz Schmidt,active in,Holland,Graph A
Fritz Schmidt,worked for,Herman Goering,Graph A
Karl Schmidt,director of,Kunstschutz in Northern France,Graph A
Karl Schmidt,director of,Kunstschutz in Pas de Calais,Graph A
Karl Schmidt,involved with,ERR,Graph A
Karl Schmidt,connected to,Museum in Lille,Graph A
Karl Schmidt,orchestrated,removal of artworks from the Museum in Lille,Graph A
Marietta Schmidt,worked for,Walter Bornheim,Graph A
Marietta Schmidt,worked for,Adolf Weinmueller,Graph A
Robert Schmidt,worked at,Schloss Museum,Graph A
Robert Schmidt,advisor to,Walter Andreas Hofer,Graph A
Robert Schmidt,connected to,Herman Goering Collection,Graph A
Albert Schmidt Staehler,director of,ERR in Western Holland,Graph A
Albert Schmidt Staehler,member of,ERR in Berlin,Graph A
Albert Schmidt Staehler,responsible for,confiscation,Graph A
Georg Schnath,worked for,Kunstschutz in Paris,Graph A
Ludwig Schnorr von Carolsfeld,worked at,Schloss Museum,Graph A
Ludwig Schnorr von Carolsfeld,advisor to,Herman Goering Collection,Graph A
Hans Ulrich von Schoenebeck,director of,Kunstschutz in Greece,Graph A
Johanna Scholz,member of,ERR in Berlin,Graph A
Johanna Scholz,secretary of,Robert Scholz,Graph A
Johanna Scholz,related to,Robert Scholz,Graph A
Robert Scholz,member of,ERR in Berlin,Graph A
Robert Scholz,director of,Office of Pictorial Art,Graph A
Robert Scholz,connected to,Gerhard Utikal,Graph A
Rudolf Scholz,worked for,ERR in Paris,Graph A
Rudolf Scholz,related to,Robert Scholz,Graph A
Rudolf Scholz,related to,Johanna Scholz,Graph A
Ursula Scholz,member of,ERR in Paris,Graph A
Ursula Scholz,worked as,photographer aid,Graph A
Ursula Scholz,related to,Rudolf Scholz,Graph A
Vicki Scholz,secretary of,Gerhard Utikal,Graph A
Hans Schrade,head of,Reichskulturkammer,Graph A
Hans Schrade,worked as,SS Standartenfuhrer,Graph A
Schrepel,represented,Herman Goering,Graph A
Albert Schroder,director of,Alsatian Museum of Mulhause,Graph A
Albert Schroder,looted,paintings from Alsatian Museum of Mulhause,Graph A
Hans Friedrich Schroeder,director of,Kunstschutz in Russia,Graph A
Schrotter,assistant to,Eric Gritzbach,Graph A
Schrotter,worked for,Herman Goering,Graph A
Franz Schubert,worked for,Linz,Graph A
Franz Schubert,assistant to,Dresden Kupferstich Kabinett,Graph A
Schuhmann,involved with,removal of furniture from Polish Library in Paris,Graph A
Richard Schultz,hausmeister of,Carinhall,Graph A
Richard Schultz,had access to,Herman Goering jewelry collection,Graph A
Richard Schultz,connected to,Herman Goering,Graph A
Schultze,secretary of,Eric Gritzbach,Graph A
Schultze,worked for,Herman Goering,Graph A
Schwartz,worked at,German Art Historical Institute in Paris,Graph A
Schwartz,worked for,Hermann Bunjes,Graph A
Schweide,member of,ERR in Berlin,Graph A
Hans Schweitzer,alias,Mjoelnir,Graph A
Hans Schweitzer,connected with,Deutsche Institute fur Ostarbeit in Cracow,Graph A
Walter Schwinkowski,director of,German Institute,Graph A
Seiberl,connected with,Viennese Institute for the Protection of Monuments,Graph A
Seiberl,worked at,art deposit at Alt Aussee,Graph A
Karl Seider,worked as,restorer,Graph A
Karl Seider,in charge of,condition of art stored at Alt Aussee,Graph A
Karl Seider,connected to,Alt Aussee deposit,Graph A
Heinz Simokat,member of,ERR in Paris,Graph A
Georg Soheja,active in,Cracow,Graph A
Georg Soheja,active in,Lvov,Graph A
Speidel,connected with,seizure of works of art in France,Graph A
Speidel,in contact with,Otto Abetz,Graph A
Ernst Sprockhoff,connected with,protection of monuments and fine arts in Norway,Graph A
Staffeldt,head of,Devisenschutzkommando in France,Graph A
Staffeldt,head of,Devisenschutzkommando in Belgium,Graph A
Staffeldt,worked for,Herman Goering,Graph A
Rudolph Stampfuss,member of,ERR in Brussels,Graph A
Alfred Stange,member of,German Institute for History of Art in Paris.,Graph A
Alfred Stange,connected with,Richard Hamann,Graph A
Alfred Stange,member of,Kunstschutz in France,Graph A
Alfred Stange,worked with,Dirk Hannema,Graph A
Alfred Stange,worked with,C Roell,Graph A
Alfred Stange,acquired,tapestries,Graph A
Alfred Stange,worked for,Herman Goering,Graph A
Alfred Stange,in contact with,Rosenberg,Graph A
Alfred Stange,in contact with,Hermann Bunjes,Graph A
Stelzer,organized,Germanic museums in Poland,Graph A
Stoehr,stole,paintings,Graph A
Stoehr,stole,prints,Graph A
Stoehr,worked for,ERR in France,Graph A
Albert Straus Negbauer,friend of,Walter Andreas Hofer,Graph A
Albert Straus Negbauer,sold to,Walter Andreas Hofer,Graph A
Albert Straus Negbauer,connected to,Herman Goering,Graph A
Strenger,worked with,ERR,Graph A
Strenger,connected with,OKH photographic team in France,Graph A
Wolf Stubbe,involved with,military administration in Paris,Graph A
Erna Stuebner,secretary of,Bruno Lohse,Graph A
Teske,assistant to,Brauchitsch,Graph A
Teske,assistant to,Herman Goering,Graph A
Teske,purchased from,Herman Goering,Graph A
Teske,possessed,objects from the ERR,Graph A
Teske,connected to,ERR,Graph A
Bruno Thomas,worked at,Kunsthistorisches Institut,Graph A
Bruno Thomas,active in,Poland,Graph A
Josef Thorak,buyer for,Herman Goering,Graph A
Josef Thorak,active in,France,Graph A
Bernhard von Tieschowitz,worked for,Kunstschutz,Graph A
Bernhard von Tieschowitz,worked for,Franz Wolff Metternich,Graph A
Tintelnot,assistant to,Dagobert Frey,Graph A
Tintelnot,worked at,Kunstschutz in Cracow,Graph A
Tost,worked for,ERR in Berlin,Graph A
Tost,related to,Gerhard Utikal,Graph A
Tost,connected to,Fuessen,Graph A
Troost,worked as,dealer,Graph A
Troost,connected to,Fuehrerbau,Graph A
Troost,purchased for,Linz,Graph A
Troost,advisor to,Adolf Hitler,Graph A
Asmus von Troschke,worked as,restorer,Graph A
Asmus von Troschke,head of,Auschwitz,Graph A
Asmus von Troschke,collaborated with,Muehlmann,Graph A
Harold Turner,connected with,Kunstschutz in Paris,Graph A
Harold Turner,involved in,confiscation of Jewish property,Graph A
Harold Turner,collaborated with,Herman Goering,Graph A
Harold Turner,in contact with,Walter Andreas Hofer,Graph A
Harold Turner,in contact with,Josef (Sepp) Angerer,Graph A
Harold Turner,in contact with,Fritz Schmidt,Graph A
Uhlworm,worked as,restorer,Graph A
Uhlworm,worked at,Schloss Museum,Graph A
Uhlworm,worked for,Herman Goering Collection,Graph A
Unger,connected with,ERR,Graph A
Unger,connected to,Kunstsuchtz in Italy,Graph A
Alfred Unger,worked as,restorer,Graph A
Alfred Unger,worked for,Linz Collection,Graph A
Wilhelm Hermann Unverzagt,worked at,Prehistorical Museum,Graph A
Wilhelm Hermann Unverzagt,worked for,Herman Goering Collection,Graph A
Gotthard Cornelius Karl Urban,worked for,Alfred Rosenberg,Graph A
Gerhard Utikal,head of,ERR in Berlin,Graph A
Gerhard Utikal,responsible for,art confiscation policy,Graph A
F C Valentin,worked as,dealer,Graph A
F C Valentin,agent for,Germany,Graph A
F C Valentin,in contact with,Walter Andreas Hofer,Graph A
F C Valentin,in contact with,Maria Schmidlin,Graph A
F C Valentin,in contact with,Margrit Schultess,Graph A
von Veltheim,worked for,German Embassy in Rome,Graph A
von Veltheim,represented,Herman Goering,Graph A
von Veltheim,connected to,Wilhelm Jacob Mohnen,Graph A
Vieweg,secretary of,Linz Commission,Graph A
Vogel,member of,ERR in Brussels,Graph A
Wolfgang Fritz Vollbach,in charge of,art in the Vatican,Graph A
Wolfgang Fritz Vollbach,worked for,the Vatican,Graph A
Wolfgang Fritz Vollbach,contact of,Walter Andreas Hofer,Graph A
Bernhard Vollmer,worked for,Kunstschutz in Brussels,Graph A
Hermann Hermann Voss,director of,Linz Collection,Graph A
Hermann Hermann Voss,worked at,Linz,Graph A
Hermann Hermann Voss,worked at,Dresden Gallery,Graph A
Hermann Hermann Voss,involved in,Schloss Museum,Graph A
Hermann Hermann Voss,involved in,Mannheimer Collection,Graph A
Hermann Hermann Voss,responsible for,looting,Graph A
Hermann Hermann Voss,worked for,Adolf Hitler,Graph A
J Waechter,worked as,Mayor of Cracow,Graph A
J Waechter,involved in,looting,Graph A
J Waechter,looted,Polish museums,Graph A
J Waechter,worked with,Mrs Waechter,Graph A
Wilhelm Waetzold,worked at,University of Halle,Graph A
Wilhelm Waetzold,active in,France,Graph A
Wilhelm Waetzold,active in,Italy,Graph A
Karl Heinrich Friedrich Wagner,worked at,University of Ghent,Graph A
Josef Waldner,worked as,dealer,Graph A
Josef Waldner,worked for,Hermann Voss,Graph A
Josef Waldner,contact of,Wilhelm Jacob Mohnen,Graph A
Josef Waldner,active in,France,Graph A
von Waldthausen,worked at,German Embassy in Paris,Graph A
Waldum,worked at,Kunsthistorisches Institut,Graph A
Waldum,worked for,Linz,Graph A
Waldum,worked with,Franz Wieser,Graph A
Werner Walther,worked for,GIS,Graph A
Werner Walther,purchased,art in Spain,Graph A
Wankerl,secretary of,Walter Borchers,Graph A
Wankerl,worked for,ERR Dienststelle in Morano Italy,Graph A
Kogl Weber,worked as,research assistant,Graph A
Kogl Weber,worked for,ERR in Paris,Graph A
Kogl Weber,friend of,Scholz,Graph A
Walter Weber,friend of,Hermann Voss,Graph A
Walter Weber,possessed,Linz Certificate,Graph A
Walter Weber,purchased for,Linz,Graph A
Hans Wegener,looted,private collections in Metz,Graph A
Hermann Weidhaas,active in,Cracow,Graph A
Edmund Weigand,worked with,Doelger,Graph A
Adolf Weinmueller,owned,art auction houses,Graph A
Adolf Weinmueller,connected with,Dienststelle Muehlmann,Graph A
Adolf Weinmueller,worked for,Walter Bornheim,Graph A
Friedrich Welz,agent for,Baldur von Schirach,Graph A
Friedrich Welz,contact of,Wilhelm Jacob Mohnen,Graph A
Otto Welter,member of,Archaeological Institute in Athens,Graph A
von Werden,member of,ERR in Holland,Graph A
Joachim Werner,worked at,Strasbourg University,Graph A
Joachim Werner,connected to,Kunstsuchtz in Belgium,Graph A
Jane Weyll,connected to,Baron von Poellnitz,Graph A
Jane Weyll,agent for,Karl Haberstock,Graph A
Jane Weyll,connected with,von Poellnitz,Graph A
Jane Weyll,connected with,Karl Haberstock,Graph A
Wilhelm Wickel,worked for,Hans Posse,Graph A
Wilhelm Wickel,purchased for,Linz,Graph A
Wilhelm Wickel,connected to,Lanz Collection,Graph A
Hans Wiederhold,worked at,Schenker Co.,Graph A
Hans Wiederhold,in contact with,German Embassy in Paris,Graph A
Franz Wieser,partner of,Waldum,Graph A
Franz Wieser,connected to,Linz,Graph A
Georg Winter,member of,ERR in Kovno,Graph A
Georg Winter,head of,German Military Commission for Archives in France,Graph A
Hans Ulrich Wirth,member of,Kunstschutz in Paris,Graph A
Hans Ulrich Wirth,member of,ERR in Paris,Graph A
Hans Ulrich Wirth,worked with,Alfred Stange,Graph A
Hans Ulrich Wirth,worked with,Richard Hamann,Graph A
Hans Ulrich Wirth,worked with,Guenther Schiedlausky,Graph A
Woehlermann,assistant to,Brauchitsch,Graph A
Woehlermann,assistant to,Herman Goering,Graph A
Woehlermann,purchased from,Herman Goering,Graph A
Woehlermann,connected to,ERR,Graph A
Woehlermann,possessed,looted art,Graph A
Peter Woernike,member of,ERR in Brussels,Graph A
Wohlrabe,bought,art in France,Graph A
Gerhard Wolf,represented,Herman Goering,Graph A
Gerhard Wolf,worked as,German Consul in Florence,Graph A
Wolff,connected with,Deutsche Reichsbank,Graph A
Karl Wolff,responsible for,removing German territory from public and private collections in Italy,Graph A
Karl Wolff,looted,art in Italy,Graph A
Friedrich Wolffhard,worked as,librarian,Graph A
Friedrich Wolffhard,worked for,Linz Museum,Graph A
Friedrich Wolffhard,worked as,SS Hauptsturmfuhrer,Graph A
Kurt Wordelman,worked for,German Consulate in Milan,Graph A
Kurt Wordelman,represented,Herman Goering,Graph A
Worma,head of,ERR in Bayonne,Graph A
Walther Wrede,director of,Archaeological Institute in Athens,Graph A
Walther Wrede,head of,all Nazi oraganizations in Greece,Graph A
Adolf Wuester,worked as,dealer,Graph A
Adolf Wuester,agent for,France,Graph A
Adolf Wuester,worked for,Joachim von Ribbentrop,Graph A
Adolf Wuester,contact of,Kurt von Behr,Graph A
Adolf Wuester,contact of,Bruno Lohse,Graph A
Adolf Wuester,worked for,ERR,Graph A
Adolf Wuester,advisor to,German Embassy,Graph A
Adolf Wuester,involved in,exchanged,Graph A
Adolf Wuester,involved with,ERR,Graph A
Adolf Wuester,worked with,Gustav Rochlitz,Graph A
Adolf Wuester,contact of,Walter Bornheim,Graph A
Adolf Wuester,contact of,Maria Almas Dietrich,Graph A
Adolf Wuester,contact of,Hans Bammann,Graph A
Adolf Wuester,contact of,Kurt Martin,Graph A
Adolf Wuester,contact of,Bernard Rademacher,Graph A
Adolf Wuester,contact of,Felix Kuetgens,Graph A
Adolf Wuester,contact of,Erhard Goepel,Graph A
Adolf Wuester,worked with,Andre Schoeller,Graph A
Adolf Wuester,worked with,Victor Mandl,Graph A
Adolf Wuester,worked with,Leegenhoek,Graph A
Adolf Wuester,worked with,Raphael Gerard,Graph A
Adolf Wuester,worked with,Hotel Durot,Graph A
Adolf Wuester,contact of,Goetz,Graph A
Adolf Wuester,contact of,Gustav Rochlitz,Graph A
Adolf Wuester,contact of,Andre Schoeller,Graph A
Adolf Wuester,contact of,Arthur Pfannstiel,Graph A
Adolf Wuester,contact of,Avogli Trotti,Graph A
Adolf Wuester,contact of,Duc de Trevise,Graph A
Robert Zahn,worked for,Herman Goering Collection,Graph A
Emil Zaunkeller,possessed,looted art,Graph A
Emil Zaunkeller,smuggled,art,Graph A
Zeichel,connected to,seizure of art objects in France,Graph A
Zeichel,worked for,German Embassy,Graph A
Zeiler,worked for,Herman Goering Collection,Graph A
Zeiler,conntected to,Herman Goering,Graph A
Zeiler,connected to,Berchtesgaden,Graph A
Zeiss,member of,ERR in Berlin,Graph A
Zeiss,connected with,Karl Brethauer,Graph A
Adolf Ziegler,head of,Reichskammer fur Bildende Kunst,Graph A
Zimmermann,worked for,Herman Goering Collection,Graph A
Ernst Heinrich Zimmermann,director of,Germanic National Museum in Nuremburg,Graph A
Ernst Heinrich Zimmermann,worked for,Kunstschutz in France,Graph A
Francis Xavier Zimmermann,represented,Institute for Carinthian Research,Graph A
Francis Xavier Zimmermann,responsible for,removal of archives from Gorizia,Graph A
Zinckgraf,worked at,Bernheimer Gallery in Munich,Graph A
Zinckgraf,owned,Bernheimer Gallery in Munich,Graph A
Zinckgraf,sold to,Hermann Voss,Graph A
Zinckgraf,connected to,Wiesbaden,Graph A
Zischow,head of,ERR in Antwerp,Graph A
Zobel,worked in,Kunstschutz in Italy,Graph A
Zobel,stole,Adam and Eve by Cranach,Graph A
Zobel,connected to,Director of Pitti Gallery,Graph A
Zobel,involved in,"transfer of the Gordon Craig Theatrical Archives from Verona to Alt Aussee,",Graph A
Zobel,connected to,Alt Aussee deposit,Graph A
Zopp,worked as,Librarian,Graph A
Zopp,worked at,Institute for Carinthian Research,Graph A
Madonna and Child,connected to,Hans Posse,Graph B
Still-Life,connected to,Linz,Graph B
Marcus place Venice,connected to,Eugen Bruschwiller,Graph B
Marcus place Venice,owned by,German ownership,Graph B
Dancing around the golden calf,connected to,Theo Hermssen Jr,Graph B
Dancing around the golden calf,connected to,Dortheum,Graph B
Dancing around the golden calf,connected to,Paris,Graph B
Portrait of princess Christine of Denmark,connected to,Alessandro Contini-Bonacossi,Graph B
Portrait of princess Christine of Denmark,connected to,Florence,Graph B
Mary with child and founder,connected to,Alessandro Contini-Bonacossi,Graph B
Mary with child and founder,connected to,Florence,Graph B
Figure of a pilgrim,connected to,Alessandro Contini-Bonacossi,Graph B
Figure of a pilgrim,connected to,Florence,Graph B
Madonna and child on Throne,connected to,Eugenio Ventura,Graph B
Madonna and child on Throne,connected to,Herman Goering,Graph B
Madonna and child on Throne,part of,Goering-Ventura Exchange,Graph B
Madonna and child on Throne,connected to,Florence,Graph B
Saint Sebastian,connected to,Alessandro Contini-Bonacossi,Graph B
Saint Sebastian,connected to,Florence,Graph B
Tryptichon,connected to,Eugenio Ventura,Graph B
Tryptichon,connected to,Herman Goering,Graph B
Tryptichon,part of,Goering-Ventura Exchange,Graph B
Tryptichon,connected to,Florence,Graph B
Madonna with child,connected to,Germany,Graph B
Adoration of the child,connected to,Luigi Bellini,Graph B
Adoration of the child,connected to,Florence,Graph B
Venus and putti,connected to,German,Graph B
Venus and putti,connected to,Herman Goering,Graph B
Madonna and child,connected to,Eugenio Ventura,Graph B
Madonna and child,connected to,Herman Goering,Graph B
Madonna and child,part of,Goering-Ventura Exchange,Graph B
Madonna and child,connected to,Florence,Graph B
Mary with child,connected to,Maria Almas Dietrich,Graph B
Mary with child,connected to,Hans Lange,Graph B
Mary with child,connected to,Bruno Lohse,Graph B
Portrait of a man,connected to,Theodore Fischer,Graph B
Portrait of a man,connected to,Lucerne,Graph B
Portrait of a man,connected to,Berlin,Graph B
Adoration of Christ,connected to,Gottleib Friedrich Reber,Graph B
Adoration of Christ,connected to,Zurich,Graph B
Sailingboat,connected to,NSDAP-Parteiforum Berchtesgaden,Graph B
Landscape with lake,connected to,Fritz Goernnert,Graph B
Landscape with lake,connected to,Josef (Sepp) Angerer,Graph B
Portrait of a girl,connected to,Fritz Goernnert,Graph B
Portrait of a girl,connected to,Josef (Sepp) Angerer,Graph B
Couple practicing music,connected to,Leipzig,Graph B
Couple practicing music,connected to,Alois Miedl,Graph B
Landscape with a cow,connected to,Paris,Graph B
Landscape with a cow,connected to,Hans Lange,Graph B
Still-life with fruit,connected to,Muehlmann,Graph B
Still-life with fruit,connected to,Holland,Graph B
Still-life with fruit,connected to,Germany,Graph B
Madonna with child and St. John,connected to,Czechoslovakia,Graph B
Satyr Diana and followers,connected to,Czechoslovakia,Graph B
Musicians,connected to,Czechoslovakia,Graph B
